{
  "type": "FeatureCollection",
  "features": [
    {
      "type": "Feature",
      "properties": {
        "rank": 1,
        "vessel_name": "CHIQUITA EXPRESS",
        "mmsi": 636017218,
        "association_score": 92.075386544249,
        "association_label": "Strong association",
        "track_intersects_slick": true,
        "distance_to_slick_km": 0,
        "hours_before_satellite": 1.897929722222222,
        "course_deg": 236.6,
        "alignment_difference_deg": 35.735338810092315,
        "closest_approach_lat": 28.92765,
        "closest_approach_lon": -89.02458
      },
      "geometry": {
        "type": "LineString",
        "coordinates": [
          [
            -88.87645,
            29.50038
          ],
          [
            -88.88705,
            29.4917
          ],
          [
            -88.89623,
            29.48418
          ],
          [
            -88.91077,
            29.47227
          ],
          [
            -88.91387,
            29.46972
          ],
          [
            -88.92952,
            29.45683
          ],
          [
            -88.93468,
            29.45127
          ],
          [
            -88.93557,
            29.4405
          ],
          [
            -88.93457,
            29.4317
          ],
          [
            -88.93418,
            29.428
          ],
          [
            -88.93377,
            29.42428
          ],
          [
            -88.93313,
            29.42107
          ],
          [
            -88.9321,
            29.41737
          ],
          [
            -88.93057,
            29.41277
          ],
          [
            -88.92917,
            29.40933
          ],
          [
            -88.9277,
            29.40573
          ],
          [
            -88.92618,
            29.4021
          ],
          [
            -88.9247,
            29.39865
          ],
          [
            -88.9223,
            29.39303
          ],
          [
            -88.92078,
            29.38945
          ],
          [
            -88.9186,
            29.38443
          ],
          [
            -88.91717,
            29.38097
          ],
          [
            -88.91572,
            29.3774
          ],
          [
            -88.9143,
            29.37397
          ],
          [
            -88.91097,
            29.36582
          ],
          [
            -88.90953,
            29.36232
          ],
          [
            -88.90808,
            29.35873
          ],
          [
            -88.90663,
            29.35517
          ],
          [
            -88.90523,
            29.35163
          ],
          [
            -88.90378,
            29.34798
          ],
          [
            -88.90238,
            29.34438
          ],
          [
            -88.90097,
            29.34067
          ],
          [
            -88.89962,
            29.33717
          ],
          [
            -88.89805,
            29.333
          ],
          [
            -88.89605,
            29.3277
          ],
          [
            -88.89195,
            29.31683
          ],
          [
            -88.88978,
            29.31107
          ],
          [
            -88.88842,
            29.30743
          ],
          [
            -88.88688,
            29.30328
          ],
          [
            -88.8855,
            29.29955
          ],
          [
            -88.88417,
            29.29597
          ],
          [
            -88.8826,
            29.29168
          ],
          [
            -88.88088,
            29.28703
          ],
          [
            -88.87893,
            29.28227
          ],
          [
            -88.87535,
            29.27268
          ],
          [
            -88.87197,
            29.26313
          ],
          [
            -88.86968,
            29.2554
          ],
          [
            -88.86842,
            29.2511
          ],
          [
            -88.86673,
            29.24458
          ],
          [
            -88.86568,
            29.24017
          ],
          [
            -88.86458,
            29.23405
          ],
          [
            -88.864,
            29.2306
          ],
          [
            -88.86317,
            29.22565
          ],
          [
            -88.86215,
            29.2196
          ],
          [
            -88.86145,
            29.21578
          ],
          [
            -88.86065,
            29.21187
          ],
          [
            -88.8592,
            29.20462
          ],
          [
            -88.85822,
            29.19962
          ],
          [
            -88.85738,
            29.19583
          ],
          [
            -88.85548,
            29.18937
          ],
          [
            -88.85343,
            29.18537
          ],
          [
            -88.8515,
            29.1821
          ],
          [
            -88.8495,
            29.1787
          ],
          [
            -88.84748,
            29.17525
          ],
          [
            -88.84552,
            29.17185
          ],
          [
            -88.84352,
            29.16842
          ],
          [
            -88.8415,
            29.1649
          ],
          [
            -88.83953,
            29.16143
          ],
          [
            -88.8375,
            29.15793
          ],
          [
            -88.83442,
            29.1526
          ],
          [
            -88.83095,
            29.14663
          ],
          [
            -88.82753,
            29.14082
          ],
          [
            -88.8232,
            29.13345
          ],
          [
            -88.82118,
            29.13003
          ],
          [
            -88.81707,
            29.12312
          ],
          [
            -88.81448,
            29.11885
          ],
          [
            -88.80908,
            29.11003
          ],
          [
            -88.80578,
            29.10478
          ],
          [
            -88.8021,
            29.099
          ],
          [
            -88.79687,
            29.0891
          ],
          [
            -88.79482,
            29.08508
          ],
          [
            -88.79253,
            29.07985
          ],
          [
            -88.79268,
            29.0692
          ],
          [
            -88.79458,
            29.06578
          ],
          [
            -88.80445,
            29.05603
          ],
          [
            -88.80752,
            29.05403
          ],
          [
            -88.81107,
            29.05185
          ],
          [
            -88.8147,
            29.04968
          ],
          [
            -88.81842,
            29.04752
          ],
          [
            -88.822,
            29.04543
          ],
          [
            -88.82573,
            29.04327
          ],
          [
            -88.82997,
            29.04083
          ],
          [
            -88.83355,
            29.03877
          ],
          [
            -88.8373,
            29.03662
          ],
          [
            -88.84155,
            29.03415
          ],
          [
            -88.84525,
            29.03203
          ],
          [
            -88.84897,
            29.02987
          ],
          [
            -88.8526,
            29.02777
          ],
          [
            -88.85618,
            29.02572
          ],
          [
            -88.86003,
            29.0235
          ],
          [
            -88.86577,
            29.02022
          ],
          [
            -88.8694,
            29.0181
          ],
          [
            -88.87325,
            29.01587
          ],
          [
            -88.87687,
            29.01378
          ],
          [
            -88.88063,
            29.01162
          ],
          [
            -88.88652,
            29.0082
          ],
          [
            -88.89392,
            29.00393
          ],
          [
            -88.89763,
            29.00175
          ],
          [
            -88.90355,
            28.9983
          ],
          [
            -88.90718,
            28.9962
          ],
          [
            -88.91258,
            28.99307
          ],
          [
            -88.91897,
            28.98938
          ],
          [
            -88.92545,
            28.98562
          ],
          [
            -88.93037,
            28.98278
          ],
          [
            -88.93517,
            28.98002
          ],
          [
            -88.9433,
            28.97533
          ],
          [
            -88.94697,
            28.97322
          ],
          [
            -88.95725,
            28.96728
          ],
          [
            -88.9637,
            28.96353
          ],
          [
            -88.96747,
            28.96135
          ],
          [
            -88.98038,
            28.95382
          ],
          [
            -88.98418,
            28.95158
          ],
          [
            -88.98783,
            28.94942
          ],
          [
            -88.99218,
            28.94683
          ],
          [
            -88.99593,
            28.94458
          ],
          [
            -89.00072,
            28.94175
          ],
          [
            -89.00458,
            28.93945
          ],
          [
            -89.00828,
            28.93725
          ],
          [
            -89.01213,
            28.935
          ],
          [
            -89.017,
            28.93212
          ],
          [
            -89.02067,
            28.92995
          ],
          [
            -89.02458,
            28.92765
          ],
          [
            -89.02942,
            28.9248
          ],
          [
            -89.03267,
            28.9229
          ],
          [
            -89.0364,
            28.9207
          ],
          [
            -89.0402,
            28.91848
          ],
          [
            -89.04573,
            28.91525
          ],
          [
            -89.04998,
            28.91278
          ],
          [
            -89.05437,
            28.91023
          ],
          [
            -89.0586,
            28.90777
          ],
          [
            -89.06348,
            28.90493
          ],
          [
            -89.0672,
            28.90277
          ],
          [
            -89.07088,
            28.90063
          ],
          [
            -89.07572,
            28.8978
          ],
          [
            -89.07985,
            28.8954
          ],
          [
            -89.08367,
            28.89318
          ],
          [
            -89.08678,
            28.89138
          ],
          [
            -89.0916,
            28.88862
          ],
          [
            -89.0962,
            28.88595
          ],
          [
            -89.10253,
            28.88225
          ],
          [
            -89.10943,
            28.87817
          ],
          [
            -89.11665,
            28.8739
          ],
          [
            -89.12022,
            28.87175
          ],
          [
            -89.12443,
            28.86923
          ],
          [
            -89.12807,
            28.86705
          ],
          [
            -89.13378,
            28.86355
          ],
          [
            -89.13835,
            28.86075
          ],
          [
            -89.14205,
            28.85848
          ],
          [
            -89.14603,
            28.856
          ],
          [
            -89.15828,
            28.8484
          ],
          [
            -89.16278,
            28.84558
          ],
          [
            -89.16637,
            28.84328
          ],
          [
            -89.16973,
            28.84113
          ],
          [
            -89.1788,
            28.83563
          ],
          [
            -89.1849,
            28.83205
          ],
          [
            -89.1883,
            28.83005
          ],
          [
            -89.19295,
            28.82732
          ],
          [
            -89.19688,
            28.82497
          ],
          [
            -89.20133,
            28.82233
          ],
          [
            -89.21293,
            28.81548
          ],
          [
            -89.21632,
            28.81348
          ],
          [
            -89.21987,
            28.8114
          ],
          [
            -89.2234,
            28.80932
          ],
          [
            -89.22687,
            28.80725
          ],
          [
            -89.23027,
            28.80525
          ],
          [
            -89.2407,
            28.79912
          ],
          [
            -89.24872,
            28.79445
          ],
          [
            -89.25515,
            28.79073
          ],
          [
            -89.26122,
            28.78727
          ],
          [
            -89.2658,
            28.78467
          ],
          [
            -89.26972,
            28.78245
          ],
          [
            -89.27325,
            28.78047
          ],
          [
            -89.28042,
            28.77645
          ],
          [
            -89.28387,
            28.77452
          ],
          [
            -89.2914,
            28.771
          ],
          [
            -89.29853,
            28.76843
          ],
          [
            -89.30402,
            28.7664
          ],
          [
            -89.30917,
            28.7638
          ],
          [
            -89.31308,
            28.7614
          ],
          [
            -89.31642,
            28.75913
          ],
          [
            -89.32008,
            28.75665
          ],
          [
            -89.33072,
            28.7496
          ],
          [
            -89.33453,
            28.7471
          ],
          [
            -89.33855,
            28.74378
          ],
          [
            -89.34323,
            28.73973
          ],
          [
            -89.34718,
            28.73642
          ],
          [
            -89.35483,
            28.72615
          ],
          [
            -89.35562,
            28.7226
          ],
          [
            -89.35577,
            28.71913
          ],
          [
            -89.35575,
            28.71812
          ]
        ]
      }
    },
    {
      "type": "Feature",
      "properties": {
        "rank": 2,
        "vessel_name": "CAPT RUDY",
        "mmsi": 366987890,
        "association_score": 90.73175228498974,
        "association_label": "Strong association",
        "track_intersects_slick": true,
        "distance_to_slick_km": 0,
        "hours_before_satellite": 1.7482075,
        "course_deg": 251.5,
        "alignment_difference_deg": 50.63533881009232,
        "closest_approach_lat": 28.9333,
        "closest_approach_lon": -89.05082
      },
      "geometry": {
        "type": "LineString",
        "coordinates": [
          [
            -88.82607,
            28.74217
          ],
          [
            -88.82606,
            28.74216
          ],
          [
            -88.82605,
            28.74215
          ],
          [
            -88.82604,
            28.74214
          ],
          [
            -88.82603,
            28.74213
          ],
          [
            -88.82604,
            28.74213
          ],
          [
            -88.82605,
            28.74213
          ],
          [
            -88.82605,
            28.74213
          ],
          [
            -88.82605,
            28.74214
          ],
          [
            -88.82609,
            28.74214
          ],
          [
            -88.82606,
            28.74214
          ],
          [
            -88.82607,
            28.74212
          ],
          [
            -88.82606,
            28.74214
          ],
          [
            -88.82608,
            28.74215
          ],
          [
            -88.82606,
            28.74213
          ],
          [
            -88.82607,
            28.74214
          ],
          [
            -88.82609,
            28.74213
          ],
          [
            -88.82606,
            28.74215
          ],
          [
            -88.82607,
            28.74214
          ],
          [
            -88.8261,
            28.74213
          ],
          [
            -88.82611,
            28.74212
          ],
          [
            -88.82611,
            28.74212
          ],
          [
            -88.82608,
            28.74217
          ],
          [
            -88.8261,
            28.74216
          ],
          [
            -88.82611,
            28.74218
          ],
          [
            -88.82614,
            28.74218
          ],
          [
            -88.82611,
            28.74216
          ],
          [
            -88.82609,
            28.74214
          ],
          [
            -88.82608,
            28.74213
          ],
          [
            -88.82606,
            28.74213
          ],
          [
            -88.82606,
            28.74213
          ],
          [
            -88.82606,
            28.74213
          ],
          [
            -88.82606,
            28.74213
          ],
          [
            -88.82607,
            28.74214
          ],
          [
            -88.82605,
            28.74215
          ],
          [
            -88.82438,
            28.74124
          ],
          [
            -88.82386,
            28.74158
          ],
          [
            -88.82086,
            28.74471
          ],
          [
            -88.81743,
            28.74728
          ],
          [
            -88.81397,
            28.74996
          ],
          [
            -88.80942,
            28.75347
          ],
          [
            -88.806,
            28.75607
          ],
          [
            -88.80143,
            28.75956
          ],
          [
            -88.79745,
            28.7626
          ],
          [
            -88.79233,
            28.76648
          ],
          [
            -88.78876,
            28.7692
          ],
          [
            -88.78465,
            28.77222
          ],
          [
            -88.78051,
            28.77529
          ],
          [
            -88.77546,
            28.77905
          ],
          [
            -88.7698,
            28.78324
          ],
          [
            -88.76414,
            28.78743
          ],
          [
            -88.76065,
            28.79002
          ],
          [
            -88.75543,
            28.79387
          ],
          [
            -88.75189,
            28.79648
          ],
          [
            -88.74832,
            28.79914
          ],
          [
            -88.74317,
            28.80302
          ],
          [
            -88.73702,
            28.80757
          ],
          [
            -88.73345,
            28.81021
          ],
          [
            -88.72523,
            28.8163
          ],
          [
            -88.7217,
            28.81891
          ],
          [
            -88.71806,
            28.82159
          ],
          [
            -88.70739,
            28.82944
          ],
          [
            -88.70424,
            28.83177
          ],
          [
            -88.69497,
            28.8385
          ],
          [
            -88.6888,
            28.843
          ],
          [
            -88.67942,
            28.84987
          ],
          [
            -88.66962,
            28.85606
          ],
          [
            -88.66129,
            28.86104
          ],
          [
            -88.65569,
            28.86443
          ],
          [
            -88.65126,
            28.86703
          ],
          [
            -88.64792,
            28.869
          ],
          [
            -88.64227,
            28.8723
          ],
          [
            -88.6384,
            28.87453
          ],
          [
            -88.63675,
            28.87546
          ],
          [
            -88.6329,
            28.87763
          ],
          [
            -88.62902,
            28.87983
          ],
          [
            -88.62519,
            28.88202
          ],
          [
            -88.62125,
            28.88425
          ],
          [
            -88.61688,
            28.88673
          ],
          [
            -88.61298,
            28.8889
          ],
          [
            -88.60923,
            28.89103
          ],
          [
            -88.6053,
            28.8932
          ],
          [
            -88.5987,
            28.89686
          ],
          [
            -88.59488,
            28.89899
          ],
          [
            -88.58951,
            28.902
          ],
          [
            -88.58505,
            28.90446
          ],
          [
            -88.57949,
            28.90749
          ],
          [
            -88.57564,
            28.90959
          ],
          [
            -88.57176,
            28.9117
          ],
          [
            -88.56733,
            28.91414
          ],
          [
            -88.56333,
            28.91628
          ],
          [
            -88.55948,
            28.91844
          ],
          [
            -88.55328,
            28.9218
          ],
          [
            -88.54949,
            28.92387
          ],
          [
            -88.5382,
            28.93004
          ],
          [
            -88.53371,
            28.93245
          ],
          [
            -88.52986,
            28.9346
          ],
          [
            -88.52546,
            28.937
          ],
          [
            -88.52154,
            28.93912
          ],
          [
            -88.51778,
            28.9413
          ],
          [
            -88.50982,
            28.94698
          ],
          [
            -88.5062,
            28.94951
          ],
          [
            -88.50263,
            28.952
          ],
          [
            -88.49917,
            28.95441
          ],
          [
            -88.48535,
            28.96395
          ],
          [
            -88.48126,
            28.96675
          ],
          [
            -88.47731,
            28.96945
          ],
          [
            -88.46964,
            28.97461
          ],
          [
            -88.45637,
            28.98348
          ],
          [
            -88.45243,
            28.98613
          ],
          [
            -88.44839,
            28.98886
          ],
          [
            -88.44491,
            28.99121
          ],
          [
            -88.44102,
            28.99388
          ],
          [
            -88.43519,
            28.998
          ],
          [
            -88.43185,
            29.00041
          ],
          [
            -88.42565,
            29.00496
          ],
          [
            -88.41196,
            29.0153
          ],
          [
            -88.40872,
            29.01775
          ],
          [
            -88.40498,
            29.02061
          ],
          [
            -88.40166,
            29.02317
          ],
          [
            -88.3979,
            29.02604
          ],
          [
            -88.39369,
            29.02925
          ],
          [
            -88.38625,
            29.03421
          ],
          [
            -88.38282,
            29.03651
          ],
          [
            -88.3779,
            29.03983
          ],
          [
            -88.3745,
            29.04212
          ],
          [
            -88.37097,
            29.04456
          ],
          [
            -88.36407,
            29.04932
          ],
          [
            -88.35175,
            29.05775
          ],
          [
            -88.34726,
            29.06075
          ],
          [
            -88.33976,
            29.0658
          ],
          [
            -88.33623,
            29.06816
          ],
          [
            -88.33514,
            29.13413
          ],
          [
            -88.34099,
            29.13242
          ],
          [
            -88.35501,
            29.129
          ],
          [
            -88.36325,
            29.12699
          ],
          [
            -88.40115,
            29.11681
          ],
          [
            -88.42757,
            29.1095
          ],
          [
            -88.45212,
            29.10268
          ],
          [
            -88.48082,
            29.09478
          ],
          [
            -88.50377,
            29.08853
          ],
          [
            -88.51084,
            29.08663
          ],
          [
            -88.51624,
            29.08519
          ],
          [
            -88.53042,
            29.08142
          ],
          [
            -88.54991,
            29.07636
          ],
          [
            -88.56582,
            29.0722
          ],
          [
            -88.57052,
            29.07097
          ],
          [
            -88.58011,
            29.06844
          ],
          [
            -88.58427,
            29.06727
          ],
          [
            -88.58965,
            29.0658
          ],
          [
            -88.59553,
            29.06422
          ],
          [
            -88.59975,
            29.06307
          ],
          [
            -88.60507,
            29.06158
          ],
          [
            -88.60924,
            29.0604
          ],
          [
            -88.61512,
            29.05871
          ],
          [
            -88.62173,
            29.05684
          ],
          [
            -88.6259,
            29.05565
          ],
          [
            -88.63002,
            29.05448
          ],
          [
            -88.63615,
            29.0527
          ],
          [
            -88.64034,
            29.05149
          ],
          [
            -88.64634,
            29.04978
          ],
          [
            -88.65115,
            29.04842
          ],
          [
            -88.65836,
            29.04634
          ],
          [
            -88.66431,
            29.04466
          ],
          [
            -88.67089,
            29.04281
          ],
          [
            -88.67616,
            29.04124
          ],
          [
            -88.68032,
            29.04001
          ],
          [
            -88.68453,
            29.03877
          ],
          [
            -88.68868,
            29.0375
          ],
          [
            -88.69276,
            29.03628
          ],
          [
            -88.69685,
            29.03505
          ],
          [
            -88.70112,
            29.03377
          ],
          [
            -88.70574,
            29.0324
          ],
          [
            -88.70935,
            29.03131
          ],
          [
            -88.71354,
            29.03007
          ],
          [
            -88.71765,
            29.02886
          ],
          [
            -88.72182,
            29.02763
          ],
          [
            -88.72723,
            29.02601
          ],
          [
            -88.73669,
            29.02322
          ],
          [
            -88.74076,
            29.02202
          ],
          [
            -88.74783,
            29.0199
          ],
          [
            -88.75621,
            29.01741
          ],
          [
            -88.76272,
            29.0155
          ],
          [
            -88.76747,
            29.01409
          ],
          [
            -88.76918,
            29.01358
          ],
          [
            -88.77339,
            29.01233
          ],
          [
            -88.77818,
            29.01091
          ],
          [
            -88.78227,
            29.00968
          ],
          [
            -88.78637,
            29.00847
          ],
          [
            -88.79054,
            29.00724
          ],
          [
            -88.79471,
            29.00601
          ],
          [
            -88.79891,
            29.00478
          ],
          [
            -88.80364,
            29.00338
          ],
          [
            -88.80906,
            29.00175
          ],
          [
            -88.81444,
            29.00017
          ],
          [
            -88.81977,
            28.99857
          ],
          [
            -88.82409,
            28.99729
          ],
          [
            -88.83191,
            28.99492
          ],
          [
            -88.83606,
            28.99366
          ],
          [
            -88.84284,
            28.99164
          ],
          [
            -88.84701,
            28.99042
          ],
          [
            -88.85123,
            28.98916
          ],
          [
            -88.85543,
            28.98796
          ],
          [
            -88.86021,
            28.98657
          ],
          [
            -88.86444,
            28.98534
          ],
          [
            -88.86884,
            28.98412
          ],
          [
            -88.87296,
            28.98297
          ],
          [
            -88.87778,
            28.98165
          ],
          [
            -88.88332,
            28.98013
          ],
          [
            -88.88759,
            28.97896
          ],
          [
            -88.89246,
            28.97763
          ],
          [
            -88.89982,
            28.9756
          ],
          [
            -88.90482,
            28.97423
          ],
          [
            -88.91345,
            28.97187
          ],
          [
            -88.91771,
            28.9707
          ],
          [
            -88.92388,
            28.96904
          ],
          [
            -88.92884,
            28.9677
          ],
          [
            -88.93318,
            28.96654
          ],
          [
            -88.94062,
            28.96451
          ],
          [
            -88.94863,
            28.96232
          ],
          [
            -88.95488,
            28.96057
          ],
          [
            -88.96182,
            28.95867
          ],
          [
            -88.96924,
            28.95658
          ],
          [
            -88.97363,
            28.95539
          ],
          [
            -88.97866,
            28.95401
          ],
          [
            -88.98306,
            28.9528
          ],
          [
            -88.98744,
            28.95161
          ],
          [
            -88.98924,
            28.95111
          ],
          [
            -88.99424,
            28.94969
          ],
          [
            -88.99859,
            28.94845
          ],
          [
            -89.00294,
            28.94718
          ],
          [
            -89.00734,
            28.9459
          ],
          [
            -89.01276,
            28.94434
          ],
          [
            -89.01716,
            28.94307
          ],
          [
            -89.02215,
            28.94161
          ],
          [
            -89.02702,
            28.94018
          ],
          [
            -89.03323,
            28.9384
          ],
          [
            -89.0381,
            28.937
          ],
          [
            -89.04607,
            28.93467
          ],
          [
            -89.05082,
            28.9333
          ],
          [
            -89.05516,
            28.93204
          ],
          [
            -89.05942,
            28.9308
          ],
          [
            -89.06369,
            28.92957
          ],
          [
            -89.06787,
            28.92836
          ],
          [
            -89.07266,
            28.92696
          ],
          [
            -89.07696,
            28.92573
          ],
          [
            -89.08246,
            28.92409
          ],
          [
            -89.08966,
            28.92194
          ],
          [
            -89.097,
            28.92044
          ],
          [
            -89.10188,
            28.92012
          ],
          [
            -89.1063,
            28.91982
          ],
          [
            -89.11058,
            28.91949
          ],
          [
            -89.11869,
            28.91891
          ],
          [
            -89.12605,
            28.91839
          ],
          [
            -89.13335,
            28.9179
          ],
          [
            -89.14492,
            28.91705
          ],
          [
            -89.15289,
            28.91647
          ],
          [
            -89.16201,
            28.91586
          ],
          [
            -89.1662,
            28.9156
          ],
          [
            -89.17051,
            28.9153
          ],
          [
            -89.17464,
            28.91503
          ],
          [
            -89.17946,
            28.91472
          ],
          [
            -89.18371,
            28.91445
          ],
          [
            -89.18862,
            28.91413
          ],
          [
            -89.19284,
            28.91391
          ],
          [
            -89.19722,
            28.91363
          ],
          [
            -89.20206,
            28.91337
          ],
          [
            -89.20633,
            28.91311
          ],
          [
            -89.20878,
            28.91297
          ],
          [
            -89.21313,
            28.9127
          ],
          [
            -89.21729,
            28.91247
          ],
          [
            -89.22165,
            28.91222
          ],
          [
            -89.2254,
            28.912
          ],
          [
            -89.23024,
            28.91173
          ],
          [
            -89.23525,
            28.91148
          ],
          [
            -89.2395,
            28.91124
          ],
          [
            -89.24444,
            28.91101
          ],
          [
            -89.24877,
            28.91077
          ],
          [
            -89.25309,
            28.91058
          ],
          [
            -89.25689,
            28.91039
          ],
          [
            -89.2618,
            28.91021
          ],
          [
            -89.26606,
            28.91004
          ],
          [
            -89.26986,
            28.90987
          ],
          [
            -89.27409,
            28.90966
          ],
          [
            -89.27835,
            28.90944
          ],
          [
            -89.28443,
            28.90907
          ],
          [
            -89.28858,
            28.90882
          ],
          [
            -89.29395,
            28.9085
          ],
          [
            -89.29804,
            28.90826
          ],
          [
            -89.30457,
            28.90791
          ],
          [
            -89.30876,
            28.9077
          ],
          [
            -89.31291,
            28.90749
          ],
          [
            -89.31936,
            28.90702
          ],
          [
            -89.32349,
            28.90665
          ],
          [
            -89.33074,
            28.90598
          ],
          [
            -89.335,
            28.90557
          ],
          [
            -89.33867,
            28.90522
          ],
          [
            -89.3492,
            28.90421
          ],
          [
            -89.35665,
            28.90353
          ],
          [
            -89.36103,
            28.90315
          ],
          [
            -89.36983,
            28.90236
          ],
          [
            -89.37539,
            28.90185
          ],
          [
            -89.38113,
            28.90135
          ],
          [
            -89.38942,
            28.90066
          ],
          [
            -89.39444,
            28.90023
          ],
          [
            -89.39896,
            28.89995
          ],
          [
            -89.41158,
            28.89989
          ],
          [
            -89.42583,
            28.90133
          ],
          [
            -89.42978,
            28.90293
          ]
        ]
      }
    },
    {
      "type": "Feature",
      "properties": {
        "rank": 3,
        "vessel_name": "CAPT DONALD LOWE SR",
        "mmsi": 367556640,
        "association_score": 69.73348839610085,
        "association_label": "Moderate association",
        "track_intersects_slick": true,
        "distance_to_slick_km": 0,
        "hours_before_satellite": 11.667374166666669,
        "course_deg": 254.5,
        "alignment_difference_deg": 53.63533881009232,
        "closest_approach_lat": 28.87941,
        "closest_approach_lon": -89.00453
      },
      "geometry": {
        "type": "LineString",
        "coordinates": [
          [
            -88.93821,
            28.89486
          ],
          [
            -88.94218,
            28.89415
          ],
          [
            -88.94623,
            28.89343
          ],
          [
            -88.95017,
            28.89273
          ],
          [
            -88.95419,
            28.892
          ],
          [
            -88.95802,
            28.89106
          ],
          [
            -88.9625,
            28.8899
          ],
          [
            -88.96651,
            28.88885
          ],
          [
            -88.97154,
            28.88756
          ],
          [
            -88.97606,
            28.88642
          ],
          [
            -88.98007,
            28.88541
          ],
          [
            -88.98404,
            28.88443
          ],
          [
            -88.98807,
            28.88344
          ],
          [
            -88.99193,
            28.8825
          ],
          [
            -88.9959,
            28.88155
          ],
          [
            -88.99994,
            28.88055
          ],
          [
            -89.00453,
            28.87941
          ],
          [
            -89.00797,
            28.87855
          ],
          [
            -89.01256,
            28.87739
          ],
          [
            -89.01657,
            28.87638
          ],
          [
            -89.02053,
            28.8754
          ],
          [
            -89.02456,
            28.8744
          ],
          [
            -89.0286,
            28.87342
          ],
          [
            -89.03269,
            28.87243
          ],
          [
            -89.03666,
            28.87149
          ],
          [
            -89.04072,
            28.8705
          ],
          [
            -89.0448,
            28.86959
          ],
          [
            -89.04879,
            28.86893
          ],
          [
            -89.05229,
            28.86836
          ],
          [
            -89.05643,
            28.8677
          ],
          [
            -89.06111,
            28.86696
          ],
          [
            -89.0652,
            28.86629
          ],
          [
            -89.06983,
            28.8655
          ],
          [
            -89.07516,
            28.86459
          ],
          [
            -89.07925,
            28.86388
          ],
          [
            -89.08569,
            28.86274
          ],
          [
            -89.0898,
            28.86199
          ],
          [
            -89.0942,
            28.86115
          ],
          [
            -89.09797,
            28.86052
          ],
          [
            -89.10328,
            28.85988
          ],
          [
            -89.11037,
            28.85908
          ],
          [
            -89.1173,
            28.85828
          ],
          [
            -89.12086,
            28.85787
          ],
          [
            -89.12485,
            28.85743
          ],
          [
            -89.1289,
            28.85721
          ],
          [
            -89.13483,
            28.85695
          ],
          [
            -89.13836,
            28.85679
          ],
          [
            -89.14245,
            28.85661
          ],
          [
            -89.14644,
            28.85643
          ],
          [
            -89.15112,
            28.85629
          ],
          [
            -89.15511,
            28.85627
          ],
          [
            -89.15919,
            28.85623
          ],
          [
            -89.16273,
            28.85618
          ],
          [
            -89.1667,
            28.85615
          ],
          [
            -89.17078,
            28.8561
          ],
          [
            -89.17438,
            28.85605
          ],
          [
            -89.17837,
            28.856
          ],
          [
            -89.18241,
            28.85593
          ],
          [
            -89.18646,
            28.8559
          ],
          [
            -89.18994,
            28.85587
          ],
          [
            -89.194,
            28.85586
          ],
          [
            -89.20091,
            28.85582
          ],
          [
            -89.20493,
            28.85582
          ],
          [
            -89.20894,
            28.85582
          ],
          [
            -89.21294,
            28.85581
          ],
          [
            -89.22089,
            28.8558
          ],
          [
            -89.22782,
            28.85578
          ],
          [
            -89.23358,
            28.85578
          ],
          [
            -89.23765,
            28.85579
          ],
          [
            -89.2451,
            28.85584
          ],
          [
            -89.25428,
            28.85596
          ],
          [
            -89.26413,
            28.85616
          ],
          [
            -89.2682,
            28.85627
          ],
          [
            -89.27702,
            28.8565
          ],
          [
            -89.28516,
            28.85664
          ],
          [
            -89.28925,
            28.85671
          ],
          [
            -89.30037,
            28.8569
          ],
          [
            -89.30735,
            28.85731
          ],
          [
            -89.31203,
            28.85776
          ],
          [
            -89.31678,
            28.85825
          ],
          [
            -89.32141,
            28.85871
          ],
          [
            -89.32953,
            28.86014
          ],
          [
            -89.33423,
            28.861
          ],
          [
            -89.34227,
            28.86246
          ],
          [
            -89.3458,
            28.86307
          ],
          [
            -89.34695,
            28.86326
          ],
          [
            -89.35099,
            28.8639
          ],
          [
            -89.35444,
            28.86444
          ],
          [
            -89.35904,
            28.86517
          ],
          [
            -89.36305,
            28.86582
          ],
          [
            -89.36821,
            28.86666
          ],
          [
            -89.37215,
            28.86731
          ],
          [
            -89.37793,
            28.8683
          ],
          [
            -89.3831,
            28.86921
          ],
          [
            -89.38706,
            28.86995
          ],
          [
            -89.39178,
            28.87083
          ],
          [
            -89.39629,
            28.87165
          ],
          [
            -89.4004,
            28.87241
          ],
          [
            -89.40452,
            28.87318
          ],
          [
            -89.40859,
            28.87392
          ],
          [
            -89.41268,
            28.87467
          ],
          [
            -89.41895,
            28.87621
          ],
          [
            -89.4223,
            28.8781
          ],
          [
            -89.42474,
            28.88029
          ],
          [
            -89.42797,
            28.8855
          ],
          [
            -89.42985,
            28.88883
          ],
          [
            -89.43119,
            28.89174
          ],
          [
            -89.43191,
            28.89478
          ],
          [
            -89.43202,
            28.89808
          ],
          [
            -89.43158,
            28.90395
          ],
          [
            -89.42705,
            28.90958
          ],
          [
            -89.42438,
            28.91232
          ],
          [
            -89.42275,
            28.91445
          ],
          [
            -89.41962,
            28.91874
          ],
          [
            -89.41634,
            28.92337
          ],
          [
            -89.41302,
            28.92801
          ],
          [
            -89.41095,
            28.93084
          ],
          [
            -89.40728,
            28.93576
          ],
          [
            -89.40467,
            28.93936
          ],
          [
            -89.40006,
            28.94601
          ],
          [
            -89.3971,
            28.9495
          ],
          [
            -89.39209,
            28.95541
          ],
          [
            -89.38982,
            28.95831
          ],
          [
            -89.38754,
            28.96127
          ],
          [
            -89.3856,
            28.96385
          ],
          [
            -89.3853,
            28.96425
          ],
          [
            -89.38334,
            28.96679
          ],
          [
            -89.38131,
            28.96929
          ],
          [
            -89.37893,
            28.9722
          ],
          [
            -89.37649,
            28.97505
          ],
          [
            -89.37425,
            28.97737
          ],
          [
            -89.37208,
            28.97981
          ],
          [
            -89.36995,
            28.98223
          ],
          [
            -89.36816,
            28.98436
          ],
          [
            -89.36608,
            28.98685
          ],
          [
            -89.36425,
            28.98904
          ],
          [
            -89.36201,
            28.99195
          ],
          [
            -89.35895,
            28.99603
          ],
          [
            -89.35599,
            28.99966
          ],
          [
            -89.35383,
            29.0021
          ],
          [
            -89.35037,
            29.00593
          ],
          [
            -89.34813,
            29.00833
          ],
          [
            -89.34462,
            29.0127
          ],
          [
            -89.34262,
            29.01532
          ],
          [
            -89.34064,
            29.01795
          ],
          [
            -89.33664,
            29.02319
          ],
          [
            -89.33461,
            29.02565
          ],
          [
            -89.33275,
            29.02786
          ],
          [
            -89.32857,
            29.03279
          ],
          [
            -89.32567,
            29.03624
          ],
          [
            -89.31999,
            29.04311
          ],
          [
            -89.3173,
            29.04677
          ],
          [
            -89.31455,
            29.05136
          ],
          [
            -89.31185,
            29.05613
          ],
          [
            -89.31021,
            29.05863
          ],
          [
            -89.30839,
            29.06074
          ],
          [
            -89.30608,
            29.06298
          ],
          [
            -89.30394,
            29.06477
          ],
          [
            -89.29678,
            29.07092
          ],
          [
            -89.29154,
            29.07583
          ],
          [
            -89.28756,
            29.0799
          ],
          [
            -89.28384,
            29.08416
          ],
          [
            -89.28062,
            29.0887
          ],
          [
            -89.27885,
            29.09142
          ],
          [
            -89.27843,
            29.09219
          ],
          [
            -89.27717,
            29.09459
          ],
          [
            -89.27524,
            29.09831
          ],
          [
            -89.27267,
            29.10323
          ],
          [
            -89.27121,
            29.10607
          ],
          [
            -89.26975,
            29.10893
          ],
          [
            -89.26833,
            29.11182
          ],
          [
            -89.26685,
            29.11479
          ],
          [
            -89.26545,
            29.11761
          ],
          [
            -89.26394,
            29.12052
          ],
          [
            -89.26238,
            29.12349
          ],
          [
            -89.26103,
            29.12648
          ],
          [
            -89.25966,
            29.12956
          ],
          [
            -89.25832,
            29.13256
          ],
          [
            -89.25714,
            29.13567
          ],
          [
            -89.25638,
            29.13884
          ],
          [
            -89.25601,
            29.14203
          ],
          [
            -89.25594,
            29.14544
          ],
          [
            -89.25584,
            29.14903
          ],
          [
            -89.25569,
            29.15257
          ],
          [
            -89.25556,
            29.15602
          ],
          [
            -89.2554,
            29.15941
          ],
          [
            -89.25554,
            29.16252
          ],
          [
            -89.25611,
            29.16547
          ],
          [
            -89.257,
            29.1684
          ],
          [
            -89.25796,
            29.17085
          ],
          [
            -89.25925,
            29.17367
          ],
          [
            -89.26057,
            29.1765
          ],
          [
            -89.26187,
            29.17931
          ],
          [
            -89.26325,
            29.18225
          ],
          [
            -89.26457,
            29.18505
          ],
          [
            -89.26593,
            29.18794
          ],
          [
            -89.26741,
            29.19083
          ],
          [
            -89.26896,
            29.19371
          ],
          [
            -89.27049,
            29.19664
          ],
          [
            -89.27203,
            29.19957
          ],
          [
            -89.27364,
            29.20239
          ],
          [
            -89.27525,
            29.20479
          ],
          [
            -89.27718,
            29.20744
          ],
          [
            -89.27915,
            29.21013
          ],
          [
            -89.28114,
            29.21282
          ],
          [
            -89.28308,
            29.21549
          ],
          [
            -89.28494,
            29.21809
          ],
          [
            -89.28655,
            29.22039
          ],
          [
            -89.28838,
            29.223
          ],
          [
            -89.29036,
            29.22553
          ],
          [
            -89.29232,
            29.22799
          ],
          [
            -89.2944,
            29.23045
          ],
          [
            -89.29647,
            29.23291
          ],
          [
            -89.2987,
            29.23522
          ],
          [
            -89.30109,
            29.2374
          ],
          [
            -89.30315,
            29.23927
          ],
          [
            -89.30552,
            29.24146
          ],
          [
            -89.30804,
            29.24355
          ],
          [
            -89.31062,
            29.24563
          ],
          [
            -89.31329,
            29.24758
          ],
          [
            -89.31592,
            29.24951
          ],
          [
            -89.31863,
            29.25152
          ],
          [
            -89.3213,
            29.25351
          ],
          [
            -89.32399,
            29.25545
          ],
          [
            -89.3268,
            29.25746
          ],
          [
            -89.32952,
            29.25939
          ],
          [
            -89.33226,
            29.26133
          ],
          [
            -89.33483,
            29.26337
          ],
          [
            -89.33734,
            29.26552
          ],
          [
            -89.33974,
            29.26779
          ],
          [
            -89.34173,
            29.26981
          ],
          [
            -89.34375,
            29.27235
          ],
          [
            -89.34565,
            29.27502
          ],
          [
            -89.34757,
            29.27773
          ],
          [
            -89.34952,
            29.28047
          ],
          [
            -89.35145,
            29.28317
          ],
          [
            -89.35346,
            29.28573
          ],
          [
            -89.3554,
            29.28781
          ],
          [
            -89.35774,
            29.29022
          ],
          [
            -89.36004,
            29.29251
          ],
          [
            -89.36232,
            29.2948
          ],
          [
            -89.36444,
            29.29728
          ],
          [
            -89.36657,
            29.29984
          ],
          [
            -89.36862,
            29.30229
          ],
          [
            -89.37071,
            29.30476
          ],
          [
            -89.37282,
            29.30726
          ],
          [
            -89.37492,
            29.30974
          ],
          [
            -89.37691,
            29.3121
          ],
          [
            -89.37898,
            29.31456
          ],
          [
            -89.38102,
            29.317
          ],
          [
            -89.38277,
            29.31911
          ],
          [
            -89.38478,
            29.32152
          ],
          [
            -89.38685,
            29.32403
          ],
          [
            -89.38878,
            29.32644
          ],
          [
            -89.39091,
            29.32883
          ],
          [
            -89.39308,
            29.33119
          ],
          [
            -89.39524,
            29.33358
          ],
          [
            -89.39743,
            29.33598
          ],
          [
            -89.39968,
            29.33821
          ],
          [
            -89.40212,
            29.34042
          ],
          [
            -89.40469,
            29.34261
          ],
          [
            -89.40684,
            29.34443
          ],
          [
            -89.40944,
            29.34645
          ],
          [
            -89.41203,
            29.34842
          ],
          [
            -89.41478,
            29.35031
          ],
          [
            -89.41751,
            29.3521
          ],
          [
            -89.42039,
            29.35381
          ],
          [
            -89.42302,
            29.35521
          ],
          [
            -89.42341,
            29.3554
          ],
          [
            -89.42643,
            29.35692
          ],
          [
            -89.4291,
            29.35823
          ],
          [
            -89.43239,
            29.35936
          ],
          [
            -89.4357,
            29.36042
          ],
          [
            -89.43906,
            29.36152
          ],
          [
            -89.44211,
            29.36247
          ],
          [
            -89.4454,
            29.36282
          ],
          [
            -89.44875,
            29.36273
          ],
          [
            -89.46762,
            29.35271
          ],
          [
            -89.47056,
            29.34958
          ],
          [
            -89.47324,
            29.34695
          ],
          [
            -89.47644,
            29.34498
          ],
          [
            -89.47946,
            29.34414
          ],
          [
            -89.48237,
            29.345
          ],
          [
            -89.48574,
            29.3463
          ],
          [
            -89.48919,
            29.3476
          ],
          [
            -89.49983,
            29.35168
          ],
          [
            -89.50791,
            29.35487
          ],
          [
            -89.51374,
            29.35681
          ],
          [
            -89.51684,
            29.35789
          ],
          [
            -89.52391,
            29.36021
          ],
          [
            -89.52699,
            29.36113
          ],
          [
            -89.53064,
            29.36219
          ],
          [
            -89.53469,
            29.36333
          ],
          [
            -89.5429,
            29.36529
          ],
          [
            -89.54656,
            29.36613
          ],
          [
            -89.54974,
            29.36707
          ],
          [
            -89.55318,
            29.36837
          ],
          [
            -89.55711,
            29.3699
          ],
          [
            -89.56409,
            29.37301
          ],
          [
            -89.56914,
            29.37549
          ],
          [
            -89.57321,
            29.37775
          ],
          [
            -89.57591,
            29.37942
          ],
          [
            -89.57867,
            29.38114
          ],
          [
            -89.57901,
            29.38137
          ],
          [
            -89.58161,
            29.38319
          ],
          [
            -89.58416,
            29.38525
          ],
          [
            -89.58692,
            29.38759
          ],
          [
            -89.58942,
            29.3897
          ],
          [
            -89.5919,
            29.3918
          ],
          [
            -89.59399,
            29.39382
          ],
          [
            -89.59692,
            29.39692
          ],
          [
            -89.59859,
            29.39906
          ],
          [
            -89.60004,
            29.40163
          ],
          [
            -89.60139,
            29.40449
          ],
          [
            -89.60327,
            29.40899
          ],
          [
            -89.60402,
            29.41213
          ],
          [
            -89.6041,
            29.41515
          ],
          [
            -89.60367,
            29.42014
          ],
          [
            -89.60322,
            29.42414
          ],
          [
            -89.60263,
            29.42811
          ],
          [
            -89.60224,
            29.43118
          ],
          [
            -89.60181,
            29.43426
          ],
          [
            -89.60118,
            29.43757
          ],
          [
            -89.60043,
            29.44182
          ],
          [
            -89.60076,
            29.44451
          ],
          [
            -89.60182,
            29.44687
          ],
          [
            -89.60368,
            29.44862
          ],
          [
            -89.60763,
            29.45088
          ],
          [
            -89.61323,
            29.45321
          ],
          [
            -89.61783,
            29.45455
          ],
          [
            -89.62592,
            29.4563
          ],
          [
            -89.62911,
            29.45703
          ],
          [
            -89.63411,
            29.45803
          ],
          [
            -89.63702,
            29.45852
          ],
          [
            -89.64033,
            29.45898
          ],
          [
            -89.64699,
            29.45994
          ],
          [
            -89.65481,
            29.46208
          ],
          [
            -89.66304,
            29.4651
          ],
          [
            -89.6714,
            29.46924
          ],
          [
            -89.67872,
            29.47376
          ],
          [
            -89.68379,
            29.4773
          ],
          [
            -89.68619,
            29.47902
          ],
          [
            -89.68862,
            29.48074
          ],
          [
            -89.69104,
            29.48278
          ],
          [
            -89.69306,
            29.4846
          ],
          [
            -89.69522,
            29.48689
          ],
          [
            -89.69773,
            29.48971
          ],
          [
            -89.69996,
            29.49222
          ],
          [
            -89.70211,
            29.49467
          ],
          [
            -89.70422,
            29.49717
          ],
          [
            -89.70638,
            29.49974
          ]
        ]
      }
    },
    {
      "type": "Feature",
      "properties": {
        "rank": 4,
        "vessel_name": "LA CHEVAL",
        "mmsi": 367019880,
        "association_score": 45.99539564297804,
        "association_label": "Possible association",
        "track_intersects_slick": false,
        "distance_to_slick_km": 1.0589160902314292,
        "hours_before_satellite": 4.514874166666667,
        "course_deg": 63.8,
        "alignment_difference_deg": 42.93533881009233,
        "closest_approach_lat": 28.93965,
        "closest_approach_lon": -89.06841
      },
      "geometry": {
        "type": "LineString",
        "coordinates": [
          [
            -89.72448,
            28.77604
          ],
          [
            -89.72123,
            28.77652
          ],
          [
            -89.71637,
            28.77719
          ],
          [
            -89.70625,
            28.77776
          ],
          [
            -89.70348,
            28.77774
          ],
          [
            -89.70104,
            28.77777
          ],
          [
            -89.69307,
            28.77768
          ],
          [
            -89.68947,
            28.77771
          ],
          [
            -89.68229,
            28.77775
          ],
          [
            -89.6791,
            28.77771
          ],
          [
            -89.67518,
            28.77769
          ],
          [
            -89.672,
            28.77766
          ],
          [
            -89.66922,
            28.77761
          ],
          [
            -89.66267,
            28.77751
          ],
          [
            -89.65915,
            28.77739
          ],
          [
            -89.65648,
            28.77724
          ],
          [
            -89.65294,
            28.77702
          ],
          [
            -89.65062,
            28.7769
          ],
          [
            -89.63954,
            28.77631
          ],
          [
            -89.63724,
            28.77617
          ],
          [
            -89.63452,
            28.77602
          ],
          [
            -89.63188,
            28.77588
          ],
          [
            -89.62914,
            28.77572
          ],
          [
            -89.6261,
            28.77558
          ],
          [
            -89.62341,
            28.77543
          ],
          [
            -89.62073,
            28.77534
          ],
          [
            -89.61723,
            28.77526
          ],
          [
            -89.61417,
            28.77519
          ],
          [
            -89.61143,
            28.77513
          ],
          [
            -89.60877,
            28.7751
          ],
          [
            -89.60485,
            28.77508
          ],
          [
            -89.59983,
            28.77501
          ],
          [
            -89.59584,
            28.77497
          ],
          [
            -89.59311,
            28.77501
          ],
          [
            -89.59038,
            28.77506
          ],
          [
            -89.58639,
            28.77521
          ],
          [
            -89.58325,
            28.7753
          ],
          [
            -89.58047,
            28.77537
          ],
          [
            -89.57768,
            28.77533
          ],
          [
            -89.57486,
            28.7753
          ],
          [
            -89.57168,
            28.77524
          ],
          [
            -89.56891,
            28.77521
          ],
          [
            -89.56621,
            28.7752
          ],
          [
            -89.56216,
            28.77513
          ],
          [
            -89.55863,
            28.77502
          ],
          [
            -89.55585,
            28.77494
          ],
          [
            -89.55305,
            28.77482
          ],
          [
            -89.54741,
            28.77451
          ],
          [
            -89.54063,
            28.77442
          ],
          [
            -89.53577,
            28.77468
          ],
          [
            -89.52852,
            28.77551
          ],
          [
            -89.52377,
            28.77637
          ],
          [
            -89.51985,
            28.77737
          ],
          [
            -89.51701,
            28.77804
          ],
          [
            -89.51273,
            28.77913
          ],
          [
            -89.50966,
            28.77988
          ],
          [
            -89.49682,
            28.78291
          ],
          [
            -89.49566,
            28.78314
          ],
          [
            -89.49293,
            28.78351
          ],
          [
            -89.49013,
            28.78376
          ],
          [
            -89.4877,
            28.78388
          ],
          [
            -89.48456,
            28.78412
          ],
          [
            -89.48207,
            28.78435
          ],
          [
            -89.47931,
            28.78472
          ],
          [
            -89.47579,
            28.78524
          ],
          [
            -89.47256,
            28.78583
          ],
          [
            -89.46984,
            28.7863
          ],
          [
            -89.46743,
            28.78673
          ],
          [
            -89.46474,
            28.7871
          ],
          [
            -89.46108,
            28.78746
          ],
          [
            -89.45839,
            28.78784
          ],
          [
            -89.45595,
            28.78811
          ],
          [
            -89.45309,
            28.78831
          ],
          [
            -89.45031,
            28.78851
          ],
          [
            -89.44702,
            28.78873
          ],
          [
            -89.44379,
            28.78907
          ],
          [
            -89.44096,
            28.78942
          ],
          [
            -89.43816,
            28.78977
          ],
          [
            -89.43539,
            28.79016
          ],
          [
            -89.43252,
            28.79059
          ],
          [
            -89.4297,
            28.791
          ],
          [
            -89.42683,
            28.79144
          ],
          [
            -89.42244,
            28.79213
          ],
          [
            -89.41953,
            28.79263
          ],
          [
            -89.4156,
            28.79335
          ],
          [
            -89.41277,
            28.79389
          ],
          [
            -89.41003,
            28.79447
          ],
          [
            -89.40724,
            28.79505
          ],
          [
            -89.40426,
            28.79572
          ],
          [
            -89.4013,
            28.79643
          ],
          [
            -89.39875,
            28.79708
          ],
          [
            -89.39628,
            28.79775
          ],
          [
            -89.3937,
            28.79839
          ],
          [
            -89.39087,
            28.79916
          ],
          [
            -89.38833,
            28.79984
          ],
          [
            -89.38574,
            28.80051
          ],
          [
            -89.38319,
            28.80117
          ],
          [
            -89.38062,
            28.8018
          ],
          [
            -89.37807,
            28.80241
          ],
          [
            -89.37586,
            28.80295
          ],
          [
            -89.3726,
            28.80374
          ],
          [
            -89.37004,
            28.80439
          ],
          [
            -89.36754,
            28.805
          ],
          [
            -89.36501,
            28.80564
          ],
          [
            -89.3625,
            28.80625
          ],
          [
            -89.35992,
            28.80687
          ],
          [
            -89.35743,
            28.8075
          ],
          [
            -89.35634,
            28.80778
          ],
          [
            -89.35382,
            28.80843
          ],
          [
            -89.35128,
            28.80911
          ],
          [
            -89.3484,
            28.80989
          ],
          [
            -89.34561,
            28.81062
          ],
          [
            -89.3431,
            28.81126
          ],
          [
            -89.34015,
            28.81191
          ],
          [
            -89.33764,
            28.81252
          ],
          [
            -89.33513,
            28.81309
          ],
          [
            -89.33258,
            28.81368
          ],
          [
            -89.32998,
            28.81429
          ],
          [
            -89.32716,
            28.81497
          ],
          [
            -89.32458,
            28.81561
          ],
          [
            -89.32211,
            28.81624
          ],
          [
            -89.3196,
            28.81686
          ],
          [
            -89.31673,
            28.8176
          ],
          [
            -89.31351,
            28.81845
          ],
          [
            -89.31102,
            28.81911
          ],
          [
            -89.30841,
            28.81978
          ],
          [
            -89.30625,
            28.82031
          ],
          [
            -89.30376,
            28.8209
          ],
          [
            -89.30128,
            28.82152
          ],
          [
            -89.29905,
            28.82211
          ],
          [
            -89.2966,
            28.82271
          ],
          [
            -89.29407,
            28.82338
          ],
          [
            -89.29168,
            28.82427
          ],
          [
            -89.28863,
            28.82555
          ],
          [
            -89.28602,
            28.82668
          ],
          [
            -89.28333,
            28.82778
          ],
          [
            -89.28066,
            28.82892
          ],
          [
            -89.27835,
            28.8299
          ],
          [
            -89.27574,
            28.831
          ],
          [
            -89.27339,
            28.83198
          ],
          [
            -89.27074,
            28.83311
          ],
          [
            -89.26814,
            28.83436
          ],
          [
            -89.26591,
            28.83547
          ],
          [
            -89.26363,
            28.83657
          ],
          [
            -89.26131,
            28.8377
          ],
          [
            -89.25914,
            28.83876
          ],
          [
            -89.25715,
            28.83973
          ],
          [
            -89.25468,
            28.84095
          ],
          [
            -89.25244,
            28.84207
          ],
          [
            -89.25029,
            28.84316
          ],
          [
            -89.24773,
            28.84448
          ],
          [
            -89.24561,
            28.84558
          ],
          [
            -89.2431,
            28.8469
          ],
          [
            -89.2406,
            28.84824
          ],
          [
            -89.23849,
            28.84941
          ],
          [
            -89.23575,
            28.85095
          ],
          [
            -89.23387,
            28.85191
          ],
          [
            -89.23138,
            28.85319
          ],
          [
            -89.22898,
            28.85446
          ],
          [
            -89.22653,
            28.85578
          ],
          [
            -89.22404,
            28.85704
          ],
          [
            -89.22154,
            28.85828
          ],
          [
            -89.2193,
            28.85939
          ],
          [
            -89.21715,
            28.86042
          ],
          [
            -89.21493,
            28.86155
          ],
          [
            -89.19979,
            28.87072
          ],
          [
            -89.19568,
            28.87335
          ],
          [
            -89.18741,
            28.8785
          ],
          [
            -89.17292,
            28.88722
          ],
          [
            -89.16985,
            28.88898
          ],
          [
            -89.1527,
            28.8987
          ],
          [
            -89.15029,
            28.90003
          ],
          [
            -89.14813,
            28.90123
          ],
          [
            -89.14612,
            28.90244
          ],
          [
            -89.14409,
            28.90372
          ],
          [
            -89.14095,
            28.9058
          ],
          [
            -89.1389,
            28.90701
          ],
          [
            -89.1357,
            28.90847
          ],
          [
            -89.13349,
            28.90941
          ],
          [
            -89.13092,
            28.91052
          ],
          [
            -89.12835,
            28.91159
          ],
          [
            -89.1264,
            28.9124
          ],
          [
            -89.12514,
            28.91292
          ],
          [
            -89.1223,
            28.91409
          ],
          [
            -89.12036,
            28.91488
          ],
          [
            -89.11808,
            28.91578
          ],
          [
            -89.11591,
            28.91668
          ],
          [
            -89.11303,
            28.91787
          ],
          [
            -89.11082,
            28.91878
          ],
          [
            -89.10822,
            28.91985
          ],
          [
            -89.10436,
            28.92143
          ],
          [
            -89.10195,
            28.92257
          ],
          [
            -89.09971,
            28.92363
          ],
          [
            -89.09766,
            28.92462
          ],
          [
            -89.09489,
            28.92594
          ],
          [
            -89.09219,
            28.92736
          ],
          [
            -89.08975,
            28.92864
          ],
          [
            -89.08765,
            28.9298
          ],
          [
            -89.08384,
            28.93194
          ],
          [
            -89.08173,
            28.93305
          ],
          [
            -89.07841,
            28.93486
          ],
          [
            -89.07605,
            28.93612
          ],
          [
            -89.06841,
            28.93965
          ],
          [
            -89.06621,
            28.9406
          ],
          [
            -89.06137,
            28.94306
          ],
          [
            -89.05776,
            28.94492
          ],
          [
            -89.05238,
            28.94774
          ],
          [
            -89.04964,
            28.94899
          ],
          [
            -89.04747,
            28.94996
          ],
          [
            -89.04504,
            28.95105
          ],
          [
            -89.03957,
            28.95365
          ],
          [
            -89.03436,
            28.95612
          ],
          [
            -89.03222,
            28.95714
          ],
          [
            -89.02497,
            28.96063
          ],
          [
            -89.02256,
            28.96178
          ],
          [
            -89.02048,
            28.96279
          ],
          [
            -89.01836,
            28.96381
          ],
          [
            -89.01404,
            28.9662
          ],
          [
            -89.01206,
            28.96735
          ],
          [
            -89.00865,
            28.96935
          ],
          [
            -89.00639,
            28.97068
          ],
          [
            -89.00438,
            28.97178
          ],
          [
            -89.00204,
            28.97303
          ],
          [
            -89,
            28.97417
          ],
          [
            -88.99707,
            28.97575
          ],
          [
            -88.99406,
            28.97733
          ],
          [
            -88.99202,
            28.97845
          ],
          [
            -88.99002,
            28.97959
          ],
          [
            -88.98798,
            28.98072
          ],
          [
            -88.98448,
            28.98267
          ],
          [
            -88.98209,
            28.98396
          ],
          [
            -88.97945,
            28.98538
          ],
          [
            -88.97674,
            28.98677
          ],
          [
            -88.97434,
            28.98797
          ],
          [
            -88.97226,
            28.98897
          ],
          [
            -88.96889,
            28.99054
          ],
          [
            -88.96686,
            28.99157
          ],
          [
            -88.96479,
            28.99265
          ],
          [
            -88.96272,
            28.99369
          ],
          [
            -88.96066,
            28.9947
          ],
          [
            -88.95827,
            28.99587
          ],
          [
            -88.95587,
            28.997
          ],
          [
            -88.95294,
            28.99852
          ],
          [
            -88.94881,
            29.00074
          ],
          [
            -88.94614,
            29.00211
          ],
          [
            -88.94127,
            29.00444
          ],
          [
            -88.93906,
            29.00534
          ],
          [
            -88.93685,
            29.00623
          ],
          [
            -88.93466,
            29.00712
          ],
          [
            -88.93246,
            29.00805
          ],
          [
            -88.93024,
            29.00899
          ],
          [
            -88.92492,
            29.01124
          ],
          [
            -88.92111,
            29.01287
          ],
          [
            -88.91741,
            29.01458
          ],
          [
            -88.91533,
            29.01567
          ],
          [
            -88.91331,
            29.01685
          ],
          [
            -88.91124,
            29.01803
          ],
          [
            -88.90803,
            29.01983
          ],
          [
            -88.90594,
            29.02102
          ],
          [
            -88.90276,
            29.02289
          ],
          [
            -88.90072,
            29.02405
          ],
          [
            -88.89863,
            29.02515
          ],
          [
            -88.89626,
            29.02641
          ],
          [
            -88.89395,
            29.02765
          ],
          [
            -88.89183,
            29.02871
          ],
          [
            -88.88965,
            29.02968
          ],
          [
            -88.8875,
            29.03063
          ],
          [
            -88.88499,
            29.03176
          ],
          [
            -88.88282,
            29.03273
          ],
          [
            -88.88069,
            29.03375
          ],
          [
            -88.87734,
            29.03544
          ],
          [
            -88.87524,
            29.03657
          ],
          [
            -88.87292,
            29.03791
          ],
          [
            -88.87025,
            29.0394
          ],
          [
            -88.86757,
            29.04086
          ],
          [
            -88.86545,
            29.04202
          ],
          [
            -88.86367,
            29.04302
          ],
          [
            -88.85986,
            29.04516
          ],
          [
            -88.85723,
            29.0467
          ],
          [
            -88.83943,
            29.06792
          ],
          [
            -88.83736,
            29.07095
          ],
          [
            -88.83312,
            29.07693
          ],
          [
            -88.82558,
            29.08757
          ],
          [
            -88.82398,
            29.09011
          ],
          [
            -88.82249,
            29.09267
          ],
          [
            -88.82049,
            29.0961
          ],
          [
            -88.81981,
            29.09728
          ],
          [
            -88.81839,
            29.0999
          ],
          [
            -88.80799,
            29.11615
          ],
          [
            -88.80541,
            29.11927
          ],
          [
            -88.80322,
            29.12185
          ],
          [
            -88.8007,
            29.12499
          ],
          [
            -88.79826,
            29.12824
          ],
          [
            -88.79648,
            29.13028
          ],
          [
            -88.79494,
            29.13212
          ],
          [
            -88.79317,
            29.13418
          ],
          [
            -88.79134,
            29.13618
          ],
          [
            -88.78926,
            29.13837
          ],
          [
            -88.78739,
            29.14038
          ],
          [
            -88.78523,
            29.14263
          ],
          [
            -88.78338,
            29.14464
          ],
          [
            -88.78175,
            29.14645
          ],
          [
            -88.77923,
            29.14926
          ],
          [
            -88.77683,
            29.15189
          ],
          [
            -88.77501,
            29.15394
          ],
          [
            -88.77318,
            29.15601
          ],
          [
            -88.7716,
            29.15784
          ],
          [
            -88.76999,
            29.15964
          ],
          [
            -88.76812,
            29.16162
          ],
          [
            -88.76403,
            29.1658
          ],
          [
            -88.76234,
            29.16749
          ],
          [
            -88.7603,
            29.16976
          ],
          [
            -88.75849,
            29.17188
          ],
          [
            -88.75355,
            29.17757
          ],
          [
            -88.75175,
            29.17969
          ],
          [
            -88.75006,
            29.18182
          ],
          [
            -88.74716,
            29.19029
          ],
          [
            -88.7471,
            29.19055
          ],
          [
            -88.74364,
            29.20133
          ],
          [
            -88.74272,
            29.20305
          ],
          [
            -88.74092,
            29.20577
          ],
          [
            -88.73941,
            29.20794
          ],
          [
            -88.73793,
            29.21007
          ],
          [
            -88.73643,
            29.2122
          ],
          [
            -88.7349,
            29.21438
          ],
          [
            -88.73333,
            29.21656
          ],
          [
            -88.73156,
            29.219
          ],
          [
            -88.72946,
            29.22202
          ],
          [
            -88.72785,
            29.22454
          ],
          [
            -88.72658,
            29.22648
          ],
          [
            -88.72463,
            29.22951
          ],
          [
            -88.72173,
            29.23431
          ],
          [
            -88.72069,
            29.23616
          ],
          [
            -88.71868,
            29.23951
          ],
          [
            -88.71763,
            29.24112
          ],
          [
            -88.71649,
            29.2427
          ],
          [
            -88.71452,
            29.24558
          ],
          [
            -88.71334,
            29.24731
          ],
          [
            -88.71208,
            29.24918
          ],
          [
            -88.71064,
            29.25121
          ],
          [
            -88.70739,
            29.25584
          ],
          [
            -88.706,
            29.25789
          ],
          [
            -88.7031,
            29.26198
          ],
          [
            -88.70166,
            29.26402
          ],
          [
            -88.70032,
            29.26584
          ],
          [
            -88.69902,
            29.26765
          ],
          [
            -88.69761,
            29.26975
          ],
          [
            -88.69634,
            29.27158
          ],
          [
            -88.69488,
            29.27371
          ],
          [
            -88.69148,
            29.27872
          ],
          [
            -88.68998,
            29.28081
          ],
          [
            -88.68865,
            29.28262
          ],
          [
            -88.6879,
            29.28362
          ]
        ]
      }
    },
    {
      "type": "Feature",
      "properties": {
        "rank": 5,
        "vessel_name": "CAPT MASON",
        "mmsi": 367425340,
        "association_score": 45.00383540221965,
        "association_label": "Possible association",
        "track_intersects_slick": false,
        "distance_to_slick_km": 1.6191137802482258,
        "hours_before_satellite": 4.192651944444445,
        "course_deg": 54.8,
        "alignment_difference_deg": 33.93533881009233,
        "closest_approach_lat": 28.94428,
        "closest_approach_lon": -89.07095
      },
      "geometry": {
        "type": "LineString",
        "coordinates": [
          [
            -89.50571,
            28.79624
          ],
          [
            -89.50493,
            28.79513
          ],
          [
            -89.50573,
            28.79107
          ],
          [
            -89.50962,
            28.79178
          ],
          [
            -89.51042,
            28.79206
          ],
          [
            -89.51209,
            28.79267
          ],
          [
            -89.5137,
            28.79338
          ],
          [
            -89.51517,
            28.79501
          ],
          [
            -89.51779,
            28.79682
          ],
          [
            -89.51945,
            28.79845
          ],
          [
            -89.52089,
            28.79959
          ],
          [
            -89.52541,
            28.80211
          ],
          [
            -89.52711,
            28.80289
          ],
          [
            -89.52885,
            28.80368
          ],
          [
            -89.53247,
            28.80481
          ],
          [
            -89.53374,
            28.8054
          ],
          [
            -89.53459,
            28.80583
          ],
          [
            -89.53589,
            28.80634
          ],
          [
            -89.53727,
            28.80677
          ],
          [
            -89.53863,
            28.80723
          ],
          [
            -89.5395,
            28.80771
          ],
          [
            -89.54234,
            28.80802
          ],
          [
            -89.54542,
            28.80303
          ],
          [
            -89.54475,
            28.80179
          ],
          [
            -89.54203,
            28.7988
          ],
          [
            -89.53894,
            28.79745
          ],
          [
            -89.53602,
            28.7959
          ],
          [
            -89.53351,
            28.79445
          ],
          [
            -89.53274,
            28.79391
          ],
          [
            -89.53159,
            28.79314
          ],
          [
            -89.53041,
            28.7924
          ],
          [
            -89.5289,
            28.79146
          ],
          [
            -89.52798,
            28.79117
          ],
          [
            -89.52398,
            28.79085
          ],
          [
            -89.52257,
            28.7907
          ],
          [
            -89.52161,
            28.79063
          ],
          [
            -89.51925,
            28.79035
          ],
          [
            -89.51631,
            28.79004
          ],
          [
            -89.51395,
            28.78975
          ],
          [
            -89.51252,
            28.78966
          ],
          [
            -89.51104,
            28.78952
          ],
          [
            -89.50868,
            28.78925
          ],
          [
            -89.50622,
            28.78972
          ],
          [
            -89.50489,
            28.79045
          ],
          [
            -89.50356,
            28.79112
          ],
          [
            -89.50248,
            28.79206
          ],
          [
            -89.50153,
            28.79374
          ],
          [
            -89.50479,
            28.7986
          ],
          [
            -89.506,
            28.79917
          ],
          [
            -89.50725,
            28.79958
          ],
          [
            -89.51001,
            28.80102
          ],
          [
            -89.5122,
            28.80169
          ],
          [
            -89.51304,
            28.80214
          ],
          [
            -89.51589,
            28.80187
          ],
          [
            -89.51817,
            28.80131
          ],
          [
            -89.51949,
            28.80084
          ],
          [
            -89.52373,
            28.79835
          ],
          [
            -89.52545,
            28.79698
          ],
          [
            -89.52697,
            28.796
          ],
          [
            -89.52845,
            28.79496
          ],
          [
            -89.52993,
            28.7939
          ],
          [
            -89.53225,
            28.7925
          ],
          [
            -89.55101,
            28.78614
          ],
          [
            -89.5519,
            28.78927
          ],
          [
            -89.55147,
            28.79099
          ],
          [
            -89.55049,
            28.79205
          ],
          [
            -89.54949,
            28.79248
          ],
          [
            -89.54788,
            28.79261
          ],
          [
            -89.54592,
            28.79238
          ],
          [
            -89.54408,
            28.79242
          ],
          [
            -89.54311,
            28.79231
          ],
          [
            -89.54122,
            28.79228
          ],
          [
            -89.53982,
            28.79244
          ],
          [
            -89.53755,
            28.79173
          ],
          [
            -89.53574,
            28.79147
          ],
          [
            -89.53394,
            28.79105
          ],
          [
            -89.53219,
            28.79042
          ],
          [
            -89.5308,
            28.79028
          ],
          [
            -89.52936,
            28.79007
          ],
          [
            -89.52762,
            28.78955
          ],
          [
            -89.52582,
            28.78917
          ],
          [
            -89.5253,
            28.78928
          ],
          [
            -89.52394,
            28.78968
          ],
          [
            -89.52246,
            28.78962
          ],
          [
            -89.51812,
            28.7894
          ],
          [
            -89.51541,
            28.78937
          ],
          [
            -89.51177,
            28.78965
          ],
          [
            -89.50573,
            28.78947
          ],
          [
            -89.50507,
            28.79004
          ],
          [
            -89.50553,
            28.79
          ],
          [
            -89.50621,
            28.79067
          ],
          [
            -89.50771,
            28.79279
          ],
          [
            -89.50777,
            28.79314
          ],
          [
            -89.5079,
            28.79346
          ],
          [
            -89.50575,
            28.79487
          ],
          [
            -89.50293,
            28.79658
          ],
          [
            -89.49914,
            28.79901
          ],
          [
            -89.4964,
            28.80078
          ],
          [
            -89.49452,
            28.80199
          ],
          [
            -89.49178,
            28.80373
          ],
          [
            -89.48887,
            28.80555
          ],
          [
            -89.48622,
            28.80722
          ],
          [
            -89.48228,
            28.81022
          ],
          [
            -89.48084,
            28.81161
          ],
          [
            -89.47892,
            28.81379
          ],
          [
            -89.47688,
            28.81605
          ],
          [
            -89.47472,
            28.81872
          ],
          [
            -89.47323,
            28.82059
          ],
          [
            -89.47109,
            28.82334
          ],
          [
            -89.46887,
            28.8261
          ],
          [
            -89.46664,
            28.82893
          ],
          [
            -89.46374,
            28.8327
          ],
          [
            -89.46225,
            28.83451
          ],
          [
            -89.46076,
            28.8365
          ],
          [
            -89.45796,
            28.83865
          ],
          [
            -89.45344,
            28.84079
          ],
          [
            -89.45103,
            28.84179
          ],
          [
            -89.44409,
            28.84469
          ],
          [
            -89.4406,
            28.84613
          ],
          [
            -89.43702,
            28.84766
          ],
          [
            -89.43337,
            28.84913
          ],
          [
            -89.42866,
            28.85105
          ],
          [
            -89.42757,
            28.85165
          ],
          [
            -89.42687,
            28.85205
          ],
          [
            -89.42585,
            28.85265
          ],
          [
            -89.42248,
            28.85409
          ],
          [
            -89.41654,
            28.85612
          ],
          [
            -89.41161,
            28.85751
          ],
          [
            -89.40692,
            28.85886
          ],
          [
            -89.40329,
            28.8599
          ],
          [
            -89.39976,
            28.86095
          ],
          [
            -89.39737,
            28.86165
          ],
          [
            -89.39381,
            28.86272
          ],
          [
            -89.38857,
            28.86429
          ],
          [
            -89.38618,
            28.86499
          ],
          [
            -89.38257,
            28.8661
          ],
          [
            -89.37905,
            28.86716
          ],
          [
            -89.37184,
            28.86925
          ],
          [
            -89.36705,
            28.87066
          ],
          [
            -89.36336,
            28.87145
          ],
          [
            -89.35972,
            28.87217
          ],
          [
            -89.35591,
            28.87293
          ],
          [
            -89.35225,
            28.87329
          ],
          [
            -89.34975,
            28.87356
          ],
          [
            -89.34486,
            28.87389
          ],
          [
            -89.34236,
            28.87401
          ],
          [
            -89.3374,
            28.87433
          ],
          [
            -89.33486,
            28.87468
          ],
          [
            -89.33123,
            28.87554
          ],
          [
            -89.32874,
            28.87618
          ],
          [
            -89.32498,
            28.87715
          ],
          [
            -89.3214,
            28.87808
          ],
          [
            -89.31774,
            28.87901
          ],
          [
            -89.31522,
            28.87967
          ],
          [
            -89.31036,
            28.88094
          ],
          [
            -89.30309,
            28.88283
          ],
          [
            -89.29945,
            28.88378
          ],
          [
            -89.27967,
            28.88947
          ],
          [
            -89.26187,
            28.89444
          ],
          [
            -89.25833,
            28.89533
          ],
          [
            -89.25332,
            28.8962
          ],
          [
            -89.24974,
            28.89675
          ],
          [
            -89.24474,
            28.89709
          ],
          [
            -89.24096,
            28.89736
          ],
          [
            -89.21309,
            28.89731
          ],
          [
            -89.2054,
            28.8965
          ],
          [
            -89.19252,
            28.89442
          ],
          [
            -89.18983,
            28.89394
          ],
          [
            -89.18711,
            28.8939
          ],
          [
            -89.18334,
            28.89439
          ],
          [
            -89.18061,
            28.89474
          ],
          [
            -89.17671,
            28.89519
          ],
          [
            -89.17279,
            28.8956
          ],
          [
            -89.16885,
            28.89603
          ],
          [
            -89.16492,
            28.89649
          ],
          [
            -89.15968,
            28.89709
          ],
          [
            -89.15702,
            28.89741
          ],
          [
            -89.15313,
            28.89781
          ],
          [
            -89.14919,
            28.89823
          ],
          [
            -89.14658,
            28.89855
          ],
          [
            -89.14265,
            28.89898
          ],
          [
            -89.14003,
            28.89923
          ],
          [
            -89.13646,
            28.89992
          ],
          [
            -89.13442,
            28.90135
          ],
          [
            -89.13161,
            28.90367
          ],
          [
            -89.12977,
            28.90519
          ],
          [
            -89.12334,
            28.91064
          ],
          [
            -89.11962,
            28.91376
          ],
          [
            -89.1178,
            28.91535
          ],
          [
            -89.11415,
            28.91852
          ],
          [
            -89.11144,
            28.92089
          ],
          [
            -89.10882,
            28.92324
          ],
          [
            -89.10554,
            28.92499
          ],
          [
            -89.10335,
            28.92618
          ],
          [
            -89.09791,
            28.92923
          ],
          [
            -89.09462,
            28.93101
          ],
          [
            -89.0914,
            28.93277
          ],
          [
            -89.08821,
            28.93463
          ],
          [
            -89.08496,
            28.93642
          ],
          [
            -89.08168,
            28.93817
          ],
          [
            -89.07731,
            28.94056
          ],
          [
            -89.07095,
            28.94428
          ],
          [
            -89.06794,
            28.9463
          ],
          [
            -89.06492,
            28.94835
          ],
          [
            -89.06284,
            28.94973
          ],
          [
            -89.05983,
            28.95173
          ],
          [
            -89.05277,
            28.95648
          ],
          [
            -89.05082,
            28.95783
          ],
          [
            -89.0467,
            28.96059
          ],
          [
            -89.04374,
            28.96256
          ],
          [
            -89.0417,
            28.96394
          ],
          [
            -89.03768,
            28.96664
          ],
          [
            -89.03365,
            28.96929
          ],
          [
            -89.03069,
            28.97114
          ],
          [
            -89.02862,
            28.97239
          ],
          [
            -89.02768,
            28.97287
          ],
          [
            -89.02687,
            28.97345
          ],
          [
            -89.02572,
            28.97438
          ],
          [
            -89.02452,
            28.97532
          ],
          [
            -89.02361,
            28.97604
          ],
          [
            -89.02259,
            28.97676
          ],
          [
            -89.02129,
            28.97766
          ],
          [
            -89.02035,
            28.97829
          ],
          [
            -89.01937,
            28.97894
          ],
          [
            -89.0187,
            28.97941
          ],
          [
            -89.01712,
            28.98054
          ],
          [
            -89.01647,
            28.98102
          ],
          [
            -89.01408,
            28.98307
          ],
          [
            -89.01343,
            28.98366
          ],
          [
            -89.01229,
            28.98466
          ],
          [
            -89.01167,
            28.9852
          ],
          [
            -89.00982,
            28.98673
          ],
          [
            -89.00848,
            28.98812
          ],
          [
            -89.00796,
            28.98872
          ],
          [
            -89.00722,
            28.98962
          ],
          [
            -89.00674,
            28.99024
          ],
          [
            -89.00599,
            28.99122
          ],
          [
            -89.0053,
            28.99216
          ],
          [
            -89.00365,
            28.99499
          ],
          [
            -89.00305,
            28.99606
          ],
          [
            -89.00248,
            28.99717
          ],
          [
            -89.00214,
            28.99783
          ],
          [
            -89.00168,
            28.99893
          ],
          [
            -89.00114,
            28.99995
          ],
          [
            -89.00064,
            29.00095
          ],
          [
            -88.99913,
            29.00215
          ],
          [
            -88.9958,
            29.00423
          ],
          [
            -88.98936,
            29.00856
          ],
          [
            -88.98397,
            29.01228
          ],
          [
            -88.98085,
            29.01446
          ],
          [
            -88.97757,
            29.01672
          ],
          [
            -88.97444,
            29.01889
          ],
          [
            -88.97118,
            29.02102
          ],
          [
            -88.96888,
            29.02257
          ],
          [
            -88.96454,
            29.02529
          ],
          [
            -88.96146,
            29.02755
          ],
          [
            -88.95742,
            29.03062
          ],
          [
            -88.95217,
            29.03449
          ],
          [
            -88.94803,
            29.03767
          ],
          [
            -88.94499,
            29.04009
          ],
          [
            -88.94176,
            29.04249
          ],
          [
            -88.9356,
            29.04738
          ],
          [
            -88.9315,
            29.05055
          ],
          [
            -88.92843,
            29.05295
          ],
          [
            -88.92123,
            29.05864
          ],
          [
            -88.91715,
            29.06189
          ],
          [
            -88.91505,
            29.06357
          ],
          [
            -88.91197,
            29.06594
          ],
          [
            -88.9064,
            29.07013
          ],
          [
            -88.90151,
            29.07422
          ],
          [
            -88.89959,
            29.07594
          ],
          [
            -88.89665,
            29.07858
          ],
          [
            -88.8937,
            29.08112
          ],
          [
            -88.88897,
            29.08544
          ],
          [
            -88.88285,
            29.09085
          ],
          [
            -88.87529,
            29.09739
          ],
          [
            -88.87258,
            29.10006
          ],
          [
            -88.86933,
            29.1039
          ],
          [
            -88.86767,
            29.1058
          ],
          [
            -88.86516,
            29.1086
          ],
          [
            -88.86254,
            29.11136
          ],
          [
            -88.8587,
            29.11478
          ],
          [
            -88.85653,
            29.11641
          ],
          [
            -88.85363,
            29.11877
          ],
          [
            -88.84987,
            29.12208
          ],
          [
            -88.84259,
            29.12873
          ],
          [
            -88.83898,
            29.13207
          ],
          [
            -88.83717,
            29.13374
          ],
          [
            -88.83528,
            29.13547
          ],
          [
            -88.83265,
            29.13796
          ],
          [
            -88.82813,
            29.14214
          ],
          [
            -88.82457,
            29.14547
          ],
          [
            -88.82191,
            29.14796
          ],
          [
            -88.81828,
            29.15132
          ],
          [
            -88.81462,
            29.15468
          ],
          [
            -88.81109,
            29.15797
          ],
          [
            -88.80748,
            29.16129
          ],
          [
            -88.80299,
            29.16551
          ],
          [
            -88.79856,
            29.16968
          ],
          [
            -88.79312,
            29.17489
          ],
          [
            -88.79045,
            29.17748
          ],
          [
            -88.78422,
            29.18345
          ],
          [
            -88.71566,
            29.21765
          ],
          [
            -88.71122,
            29.22376
          ],
          [
            -88.70995,
            29.22751
          ],
          [
            -88.71001,
            29.23091
          ],
          [
            -88.7087,
            29.22625
          ],
          [
            -88.70945,
            29.21644
          ],
          [
            -88.70972,
            29.21483
          ],
          [
            -88.71001,
            29.21342
          ],
          [
            -88.71058,
            29.20833
          ]
        ]
      }
    }
  ]
}